"uid","username","home_school","away_school","actual_home_score","actual_away_score","home_score","home_nickname","away_score","away_nickname","points","timestamp"
"10","82lsju","Stanford","Colgate","41","10","31",NULL,"14",NULL,"16","2022-08-24 09:01:14"
"12","81alum","Stanford","Colgate","41","10","21",NULL,"17",NULL,"2","2022-08-23 07:10:41"
"28","GoodGrief","Stanford","Colgate","41","10","45","Frosty Divine Saturn","6","Taco Gel","37","2022-09-02 12:49:55"
"29","JeffInCorvallis","Stanford","Colgate","41","10","31","Trough","19","Crest","9","2022-08-22 12:29:22"
"31","Leftcoast","Stanford","Colgate","41","10","41","Alma Mater of the 5th","6","4 out of 5 Dentist's choice","52","2022-09-02 14:44:01"
"33","Mick","Stanford","Colgate","41","10","41","Andy Kerr, 1922-23","17","Andy Kerr, 1929-46","45","2022-08-20 12:19:00"
"46","akiddoc","Stanford","Colgate","41","10","38",NULL,"9",NULL,"48","2022-08-23 06:31:05"
"56","fullmetal","Stanford","Colgate","41","10","40","Evergreen hope","13","Toothpaste","48","2022-08-29 13:44:54"
"58","george","Stanford","Colgate","41","10","27",NULL,"14",NULL,"10","2022-08-20 14:49:15"
"61","Renaissance Man","Stanford","Colgate","41","10","35",NULL,"0",NULL,"13","2022-08-22 17:59:17"
"66","pefloresjr","Stanford","Colgate","41","10","37",NULL,"13",NULL,"40","2022-09-02 17:07:28"
"78","Extra Point","Stanford","Colgate","41","10","38",NULL,"10",NULL,"54","2022-08-27 09:20:35"
"85","JohnR34231","Stanford","Colgate","41","10","48",NULL,"13",NULL,"32","2022-08-22 06:16:48"
"90","CompSci87","Stanford","Colgate","41","10","41",NULL,"10",NULL,"65","2022-08-20 13:00:00"
"101","Hurlburt88","Stanford","Colgate","41","10","45",NULL,"3",NULL,"25","2022-08-21 13:52:17"
"118","pcgoode","Stanford","Colgate","41","10","48",NULL,"3",NULL,"16","2022-08-20 21:03:26"
"125","vataha","Stanford","Colgate","41","10","38",NULL,"13",NULL,"45","2022-08-30 17:51:51"
"133","pokey","Stanford","Colgate","41","10","56",NULL,"6",NULL,"9","2022-08-30 21:26:13"
"150","Publius","Stanford","Colgate","41","10","44","University","3","Palmolive","32","2022-08-30 21:26:23"
"196","Langdude","Stanford","Colgate","41","10","41","Alma mater of John Ehrlichman","13","Alma mater of John Dean","54","2022-09-02 00:00:00"
"208","indiancardinal","Stanford","Colgate","41","10","49",NULL,"9",NULL,"34","2022-08-21 03:49:27"
"211","martyup","Stanford","Colgate","41","10","50","Cardivors","0","SoFreshAndSoClean","9","2022-08-22 10:23:05"
"235","Cowboy1","Stanford","Colgate","41","10","32",NULL,"17",NULL,"13","2022-08-29 06:39:19"
"243","Papa John","Stanford","Colgate","41","10","31","Ford of Stan","10","Gate of Col","36","2022-08-22 19:41:43"
"244","rastaman85","Stanford","Colgate","41","10","45",NULL,"9",NULL,"46","2022-08-20 17:46:17"
"261","CTcard","Stanford","Colgate","41","10","48","toothpicks","6","Toothpaste","25","2022-08-22 10:22:00"
"265","bl82","Stanford","Colgate","41","10","49",NULL,"7",NULL,"25","2022-08-20 17:58:08"
"267","cardcrimson","Stanford","Colgate","41","10","38","Jim Plunkett","13","Mark van Eeghen","45","2022-08-20 21:14:16"
"277","thunder_chik","Stanford","Colgate","41","10","31",NULL,"13",NULL,"19","2022-08-23 22:21:21"
"284","Durty Nelly","Stanford","Colgate","41","10","37",NULL,"13",NULL,"40","2022-08-30 16:57:36"
"288","murky","Stanford","Colgate","41","10","63",NULL,"10",NULL,"8","2022-08-29 17:19:05"
"302","JJJ","Stanford","Colgate","41","10","45",NULL,"14",NULL,"37","2022-08-21 18:01:19"
"328","CPSteeple","Stanford","Colgate","41","10","38","Trees","7","Teeth","45","2022-09-01 04:01:06"
"382","Phogge","Stanford","Colgate","41","10","31","Arthur Mejia","17","James D Hornsfischer","11","2022-08-21 02:09:48"
"453","Snorlax94","Stanford","Colgate","41","10","49","Teeth","6","Toothpaste","21","2022-08-20 20:55:13"
"473","CardinalSagehen","Stanford","Colgate","41","10","48",NULL,"10",NULL,"45","2022-08-20 15:12:23"
"480","lex24","Stanford","Colgate","41","10","42",NULL,"10",NULL,"57","2022-08-21 00:00:00"
"515","qwerty49","Stanford","Colgate","41","10","38",NULL,"3",NULL,"32","2022-08-21 14:06:57"
"526","newguy","Stanford","Colgate","41","10","35",NULL,"14",NULL,"32","2022-08-20 18:03:51"
"558","PAsportsfan","Stanford","Colgate","41","10","40",NULL,"10",NULL,"57","2022-09-02 22:51:29"
"598","msqueri","Stanford","Colgate","41","10","62",NULL,"7",NULL,"3","2022-08-20 18:36:24"
"705","JustAnotherFan","Stanford","Colgate","41","10","24",NULL,"6",NULL,"6","2022-08-21 18:29:51"
"706","PVTree","Stanford","Colgate","41","10","40","Los Arboles","10","Toothpaste","57","2022-09-03 01:46:56"
"725","chrisk","Stanford","Colgate","41","10","38","Paste","14","Gel","40","2022-08-24 22:44:13"
"804","AcesUp","Stanford","Colgate","41","10","17",NULL,"7",NULL,"2","2022-08-20 23:44:28"
"819","ADPinWDC","Stanford","Colgate","41","10","48","Arboretum","6","Raiders","25","2022-08-28 00:57:52"
"842","Austroturf","Stanford","Colgate","41","10","35",NULL,"17",NULL,"19","2022-09-02 16:28:17"
"1002","MVDan","Stanford","Colgate","41","10","52","Gene Washington","14","Marv Hubbard","14","2022-08-21 13:51:31"
"1067","LDN/SG Card","Stanford","Colgate","41","10","56",NULL,"3",NULL,"4","2022-08-23 02:34:42"
"1101","thatboy","Stanford","Colgate","41","10","38","Scout","17","Cardboard","32","2022-08-21 00:30:44"
"1155","paloalto","Stanford","Colgate","41","10","35",NULL,"14",NULL,"32","2022-08-20 19:49:00"
"1197","old spanish trail","Stanford","Colgate","41","10","35",NULL,"6",NULL,"32","2022-08-23 00:32:09"
"1351","TonyLima","Stanford","Colgate","41","10","52",NULL,"9",NULL,"21","2022-08-21 20:24:01"
"1379","skip75","Stanford","Colgate","41","10","55","Alma Mater of Casey Jacobsen","10","Alma Mater of Rob Stone","20","2022-09-03 13:25:03"
"1413","relsef","Stanford","Colgate","41","10","45","the squeeze","6","the tube","37","2022-08-22 10:53:14"
"10","82lsju","Stanford","USC","28","41","31",NULL,"27",NULL,"17","2022-09-05 17:35:13"
"29","JeffInCorvallis","Stanford","USC","28","41","13",NULL,"28",NULL,"61","2022-09-09 00:57:38"
"31","Leftcoast","Stanford","USC","28","41","24","Pac 12 Protectors","34","Pac 12 Wreckers","71","2022-09-09 23:23:10"
"33","Mick","Stanford","USC","28","41","21","84 Nobel Laureates","42","10 Nobel Laureates","77","2022-09-06 10:33:35"
"56","fullmetal","Stanford","USC","28","41","42","Upsetter","38","Upsettee","17","2022-09-07 19:11:17"
"58","george","Stanford","USC","28","41","27",NULL,"49",NULL,"76","2022-09-06 12:22:44"
"61","Renaissance Man","Stanford","USC","28","41","31",NULL,"27",NULL,"17","2022-09-06 13:34:27"
"66","pefloresjr","Stanford","USC","28","41","37","The Shire","31","Mordor","9","2022-09-10 01:06:13"
"90","CompSci87","Stanford","USC","28","41","31",NULL,"30",NULL,"28","2022-09-05 13:45:05"
"93","CrazedZooChimp","Stanford","USC","28","41","41",NULL,"36",NULL,"11","2022-09-09 02:09:20"
"99","Treebound","Stanford","USC","28","41","33","Lack of OC...","31","Lack of IC (Institutional Control)","26","2022-09-08 18:05:17"
"101","Hurlburt88","Stanford","USC","28","41","31",NULL,"38",NULL,"80","2022-09-05 14:18:43"
"118","pcgoode","Stanford","USC","28","41","34",NULL,"28",NULL,"9","2022-09-09 00:08:07"
"125","vataha","Stanford","USC","28","41","35","Us","34","Them","28","2022-09-09 00:44:28"
"133","pokey","Stanford","USC","28","41","38",NULL,"42",NULL,"71","2022-09-06 10:42:14"
"146","triangle2","Stanford","USC","28","41","9",NULL,"44",NULL,"63","2022-09-07 22:29:55"
"150","Publius","Stanford","USC","28","41","28","Pac-10","27","B1G","33","2022-09-06 09:50:11"
"196","Langdude","Stanford","USC","28","41","31",NULL,"34",NULL,"75","2022-09-10 11:16:00"
"208","indiancardinal","Stanford","USC","28","41","34",NULL,"24",NULL,"2","2022-09-10 06:33:30"
"211","martyup","Stanford","USC","28","41","50","OnceProudNowDowd","49","Upper South Compton","1","2022-09-10 14:48:29"
"235","Cowboy1","Stanford","USC","28","41","35",NULL,"32",NULL,"25","2022-09-07 20:14:08"
"243","Papa John","Stanford","USC","28","41","24","University in honor of Leland's child","23","University of Satan's Children","3","2022-09-05 19:35:19"
"254","tcufrog","Stanford","USC","28","41","24",NULL,"49",NULL,"68","2022-09-05 17:58:38"
"257","standfan","Stanford","USC","28","41","42",NULL,"39",NULL,"25","2022-09-10 13:24:57"
"261","CTcard","Stanford","USC","28","41","35","Trees","28","Troys","6","2022-09-08 16:54:44"
"265","bl82","Stanford","USC","28","41","24",NULL,"38",NULL,"79","2022-09-05 22:20:21"
"267","cardcrimson","Stanford","USC","28","41","27","Sailing Blues","40","H2O Polo and Crew Blues","82","2022-09-05 16:37:18"
"277","thunder_chik","Stanford","USC","28","41","34",NULL,"31",NULL,"25","2022-09-05 14:56:14"
"284","Durty Nelly","Stanford","USC","28","41","24",NULL,"34",NULL,"71","2022-09-07 18:09:14"
"288","murky","Stanford","USC","28","41","38",NULL,"35",NULL,"25","2022-09-05 17:15:58"
"302","JJJ","Stanford","USC","28","41","45","Biggest. Upset. Ever. Winner.","42","Biggest. Upset. Ever. Loser.","11","2022-09-08 09:04:01"
"324","d4cohn","Stanford","USC","28","41","35",NULL,"31",NULL,"17","2022-09-05 18:38:23"
"328","CPSteeple","Stanford","USC","28","41","35",NULL,"31",NULL,"17","2022-09-10 00:21:47"
"382","Phogge","Stanford","USC","28","41","34","Tony Serra","28","The Plumbers","9","2022-09-06 19:51:32"
"453","Snorlax94","Stanford","USC","28","41","34","EJ and the Trees","31","Austin Jones and the Transfers","25","2022-09-09 22:45:56"
"473","CardinalSagehen","Stanford","USC","28","41","38",NULL,"35",NULL,"25","2022-09-07 19:26:36"
"480","lex24","Stanford","USC","28","41","28",NULL,"45",NULL,"84","2022-09-05 00:00:00"
"515","qwerty49","Stanford","USC","28","41","24",NULL,"35",NULL,"75","2022-09-05 18:04:14"
"558","PAsportsfan","Stanford","USC","28","41","13",NULL,"48",NULL,"63","2022-09-05 17:09:32"
"706","PVTree","Stanford","USC","28","41","28","Los Arboles","27","Sperm collectors","33","2022-09-10 06:16:33"
"725","chrisk","Stanford","USC","28","41","24","P10","35","B16","75","2022-09-05 15:35:43"
"804","AcesUp","Stanford","USC","28","41","17",NULL,"31",NULL,"64","2022-09-10 07:07:46"
"819","ADPinWDC","Stanford","USC","28","41","31","Tall Brush","28","Brush-heads","25","2022-09-08 12:25:53"
"842","Austroturf","Stanford","USC","28","41","28",NULL,"42",NULL,"86","2022-09-08 13:09:09"
"942","gailtate","Stanford","USC","28","41","24",NULL,"55",NULL,"66","2022-09-08 13:55:18"
"1002","MVDan","Stanford","USC","28","41","38",NULL,"35",NULL,"25","2022-09-06 13:06:04"
"1067","LDN/SG Card","Stanford","USC","28","41","35",NULL,"28",NULL,"6","2022-09-08 02:26:18"
"1101","thatboy","Stanford","USC","28","41","21","Good Guys","38","Defectors & Traitors","75","2022-09-05 21:23:18"
"1155","paloalto","Stanford","USC","28","41","14",NULL,"35",NULL,"65","2022-09-05 18:49:29"
"1197","old spanish trail","Stanford","USC","28","41","31",NULL,"45",NULL,"79","2022-09-05 16:50:28"
"1209","MV72018","Stanford","USC","28","41","17",NULL,"38",NULL,"67","2022-09-05 16:53:22"
"1379","skip75","Stanford","USC","28","41","38",NULL,"31",NULL,"6","2022-09-10 15:11:42"
"1413","relsef","Stanford","USC","28","41","37","Axemen","33","Ponies","17","2022-09-05 14:24:40"
"10","82lsju","Washington","Stanford","40","22","17",NULL,"27",NULL,"3","2022-09-18 19:32:34"
"29","JeffInCorvallis","Washington","Stanford","40","22","44",NULL,"17",NULL,"53","2022-09-24 12:26:37"
"31","Leftcoast","Washington","Stanford","40","22","39","Sled Mutts","24","Tall Trees","68","2022-09-19 18:26:12"
"33","Mick","Washington","Stanford","40","22","38","Sally Jewell (Secty of Interior)","24","Ray Lyman Wilbur (Secty of Interior)","65","2022-09-19 16:14:06"
"46","akiddoc","Washington","Stanford","40","22","42",NULL,"24",NULL,"65","2022-09-19 13:34:59"
"58","george","Washington","Stanford","40","22","42",NULL,"28",NULL,"55","2022-09-18 22:54:51"
"61","Renaissance Man","Washington","Stanford","40","22","35",NULL,"38",NULL,"18","2022-09-19 12:19:19"
"66","pefloresjr","Washington","Stanford","40","22","34",NULL,"38",NULL,"13","2022-09-23 22:30:00"
"90","CompSci87","Washington","Stanford","40","22","28","Them","31","Us","18","2022-09-18 19:18:35"
"99","Treebound","Washington","Stanford","40","22","35","Fuskies","36","In Tanner we Trust","20","2022-09-22 13:21:42"
"101","Hurlburt88","Washington","Stanford","40","22","34",NULL,"31",NULL,"43","2022-09-19 16:58:41"
"118","pcgoode","Washington","Stanford","40","22","35",NULL,"42",NULL,"6","2022-09-21 10:09:03"
"125","vataha","Washington","Stanford","40","22","30",NULL,"34",NULL,"13","2022-09-22 00:27:18"
"133","pokey","Washington","Stanford","40","22","42",NULL,"35",NULL,"43","2022-09-19 11:09:57"
"150","Publius","Washington","Stanford","40","22","27",NULL,"30",NULL,"18","2022-09-22 09:17:11"
"170","AlbanyCardinal","Washington","Stanford","40","22","49",NULL,"20",NULL,"49","2022-09-22 00:42:31"
"196","Langdude","Washington","Stanford","40","22","38",NULL,"27",NULL,"58","2022-09-22 18:26:17"
"208","indiancardinal","Washington","Stanford","40","22","36",NULL,"48",NULL,"2","2022-09-24 07:50:12"
"211","martyup","Washington","Stanford","40","22","21","Canis Sarna","50","Sequoia Elumbis","1","2022-09-20 20:58:38"
"243","Papa John","Washington","Stanford","40","22","37","Montlake","41","Lake Lag","13","2022-09-19 14:23:29"
"254","tcufrog","Washington","Stanford","40","22","38",NULL,"28",NULL,"55","2022-09-19 14:40:38"
"265","bl82","Washington","Stanford","40","22","42",NULL,"21",NULL,"68","2022-09-18 21:36:10"
"267","cardcrimson","Washington","Stanford","40","22","41",NULL,"27",NULL,"60","2022-09-19 14:34:44"
"277","thunder_chik","Washington","Stanford","40","22","31","My dad's alma mater","33","My alma mater","19","2022-09-21 16:38:52"
"284","Durty Nelly","Washington","Stanford","40","22","48",NULL,"20",NULL,"52","2022-09-21 13:38:03"
"288","murky","Washington","Stanford","40","22","31",NULL,"35",NULL,"13","2022-09-18 22:36:32"
"302","JJJ","Washington","Stanford","40","22","42","Doghouse","45","Treehouse","6","2022-09-20 20:37:40"
"328","CPSteeple","Washington","Stanford","40","22","31","Dog bark","35","Tree bark","13","2022-09-21 23:46:04"
"382","Phogge","Washington","Stanford","40","22","31","Bruce Lee","38","H Bruce Franklin","6","2022-09-19 02:42:42"
"426","Section QQ","Washington","Stanford","40","22","42",NULL,"13",NULL,"49","2022-09-24 18:30:43"
"453","Snorlax94","Washington","Stanford","40","22","35","Penix in the Dog Pound","13","Tanner and the Trees","44","2022-09-19 14:42:07"
"473","CardinalSagehen","Washington","Stanford","40","22","31",NULL,"34",NULL,"18","2022-09-24 00:44:05"
"515","qwerty49","Washington","Stanford","40","22","42",NULL,"17",NULL,"58","2022-09-19 23:45:39"
"558","PAsportsfan","Washington","Stanford","40","22","42",NULL,"20",NULL,"65","2022-09-23 22:52:40"
"626","JohnVernon","Washington","Stanford","40","22","45",NULL,"20",NULL,"58","2022-09-21 12:42:44"
"706","PVTree","Washington","Stanford","40","22","28","Alaskan puppies","34","Árboles","7","2022-09-24 12:43:35"
"725","chrisk","Washington","Stanford","40","22","35","Hot","28","Not Hot","49","2022-09-19 04:07:31"
"804","AcesUp","Washington","Stanford","40","22","31",NULL,"13",NULL,"41","2022-09-21 03:08:11"
"819","ADPinWDC","Washington","Stanford","40","22","34","Dog-faced Pony Soldiers","16","Palo Abajo","45","2022-09-21 19:08:14"
"842","Austroturf","Washington","Stanford","40","22","35",NULL,"17",NULL,"52","2022-09-23 18:23:24"
"942","gailtate","Washington","Stanford","40","22","38",NULL,"20",NULL,"65","2022-09-24 11:16:47"
"1002","MVDan","Washington","Stanford","40","22","35","Sixkiller","38","Elway","18","2022-09-20 12:20:06"
"1036","Brickcity","Washington","Stanford","40","22","48",NULL,"20",NULL,"52","2022-09-19 01:31:50"
"1209","MV72018","Washington","Stanford","40","22","42","The Howlers","24","The ""We're Not Terribles""","65","2022-09-22 19:28:12"
"1244","thedish","Washington","Stanford","40","22","38",NULL,"13",NULL,"49","2022-09-19 11:03:12"
"1275","FarmTeam","Washington","Stanford","40","22","41",NULL,"17",NULL,"60","2022-09-24 15:07:34"
"1379","skip75","Washington","Stanford","40","22","42",NULL,"21",NULL,"68","2022-09-24 20:06:36"
"1413","relsef","Washington","Stanford","40","22","33",NULL,"37",NULL,"13","2022-09-19 10:42:47"
"10","82lsju","Oregon","Stanford","45","27","24",NULL,"27",NULL,"11","2022-10-01 10:22:20"
"29","JeffInCorvallis","Oregon","Stanford","45","27","44",NULL,"21",NULL,"53","2022-09-30 20:06:34"
"31","Leftcoast","Oregon","Stanford","45","27","41","Where Phil makes his Athletic donations","27","Where Phil makes his B-School donations","62","2022-09-30 15:07:19"
"33","Mick","Oregon","Stanford","45","27","41","Phil Knight undergrad","21","Phil Knight MBA","45","2022-09-27 02:25:10"
"46","akiddoc","Oregon","Stanford","45","27","56",NULL,"17",NULL,"30","2022-09-28 00:05:27"
"58","george","Oregon","Stanford","45","27","41",NULL,"28",NULL,"57","2022-09-27 23:03:26"
"61","Renaissance Man","Oregon","Stanford","45","27","27",NULL,"28",NULL,"14","2022-09-28 12:21:14"
"66","pefloresjr","Oregon","Stanford","45","27","35",NULL,"38",NULL,"7","2022-10-01 01:44:02"
"90","CompSci87","Oregon","Stanford","45","27","27","Fauna","28","Flora","14","2022-09-26 21:37:22"
"99","Treebound","Oregon","Stanford","45","27","33","Phil's Money U","35","Phil's Muse U","10","2022-09-27 16:50:01"
"101","Hurlburt88","Oregon","Stanford","45","27","31",NULL,"24",NULL,"37","2022-09-28 03:03:52"
"118","pcgoode","Oregon","Stanford","45","27","42",NULL,"24",NULL,"55","2022-09-30 19:37:23"
"125","vataha","Oregon","Stanford","45","27","35","Bobby Moore","20","Bob Moore","37","2022-09-27 23:14:47"
"133","pokey","Oregon","Stanford","45","27","38",NULL,"28",NULL,"51","2022-10-01 11:12:05"
"146","triangle2","Oregon","Stanford","45","27","41",NULL,"13",NULL,"33","2022-09-29 20:46:57"
"150","Publius","Oregon","Stanford","45","27","23",NULL,"24",NULL,"3","2022-09-29 10:25:04"
"196","Langdude","Oregon","Stanford","45","27","42",NULL,"28",NULL,"58","2022-09-29 20:29:34"
"208","indiancardinal","Oregon","Stanford","45","27","33",NULL,"36",NULL,"7","2022-10-01 13:55:45"
"211","martyup","Oregon","Stanford","45","27","48","Dirty Birds","50","Weeping Willows","2","2022-09-29 15:31:05"
"243","Papa John","Oregon","Stanford","45","27","38","Quack","24","Bark","45","2022-09-27 13:00:46"
"254","tcufrog","Oregon","Stanford","45","27","48",NULL,"21",NULL,"50","2022-09-27 14:07:25"
"265","bl82","Oregon","Stanford","45","27","44",NULL,"31",NULL,"57","2022-09-27 00:06:53"
"267","cardcrimson","Oregon","Stanford","45","27","37",NULL,"27",NULL,"55","2022-09-26 21:31:02"
"277","thunder_chik","Oregon","Stanford","45","27","31",NULL,"33",NULL,"10","2022-09-29 18:04:32"
"284","Durty Nelly","Oregon","Stanford","45","27","42",NULL,"21",NULL,"50","2022-09-27 18:28:21"
"288","murky","Oregon","Stanford","45","27","27",NULL,"38",NULL,"1","2022-09-27 19:04:27"
"302","JJJ","Oregon","Stanford","45","27","42",NULL,"45",NULL,"7","2022-09-30 21:14:00"
"328","CPSteeple","Oregon","Stanford","45","27","38","Big O","17","Big S","37","2022-09-30 23:31:07"
"382","Phogge","Oregon","Stanford","45","27","55","Eric A Stilwell","17","Roger Stilwell","32","2022-09-27 00:29:26"
"426","Section QQ","Oregon","Stanford","45","27","45",NULL,"13",NULL,"42","2022-09-30 17:24:43"
"453","Snorlax94","Oregon","Stanford","45","27","30","Waterfowl","31","The Color, Not the Bird","14","2022-09-27 16:55:34"
"473","CardinalSagehen","Oregon","Stanford","45","27","30",NULL,"31",NULL,"14","2022-09-29 21:15:19"
"515","qwerty49","Oregon","Stanford","45","27","38",NULL,"31",NULL,"41","2022-09-29 16:29:03"
"558","PAsportsfan","Oregon","Stanford","45","27","44",NULL,"17",NULL,"41","2022-09-30 16:31:11"
"626","JohnVernon","Oregon","Stanford","45","27","45",NULL,"20",NULL,"57","2022-09-27 18:18:44"
"706","PVTree","Oregon","Stanford","45","27","28","Quackers","31","Árboles","7","2022-10-01 21:09:49"
"725","chrisk","Oregon","Stanford","45","27","38","Forest","24","Tree","45","2022-09-27 18:13:27"
"819","ADPinWDC","Oregon","Stanford","45","27","42","MOIST DUCKS","16","WET TREES","38","2022-09-27 15:22:42"
"842","Austroturf","Oregon","Stanford","45","27","42",NULL,"21",NULL,"50","2022-09-30 08:43:23"
"1002","MVDan","Oregon","Stanford","45","27","27","Bobby Moore","24","Randy Vataha","30","2022-09-29 09:41:26"
"1209","MV72018","Oregon","Stanford","45","27","52","Quick Quackers","14","Turnover Meisters","32","2022-09-28 16:38:34"
"1244","thedish","Oregon","Stanford","45","27","45",NULL,"17",NULL,"49","2022-09-29 11:15:51"
"1275","FarmTeam","Oregon","Stanford","45","27","41",NULL,"21",NULL,"45","2022-09-26 23:38:50"
"1379","skip75","Oregon","Stanford","45","27","49",NULL,"14",NULL,"37","2022-10-01 21:23:48"
"1387","footandballtorture","Oregon","Stanford","45","27","41",NULL,"22","yummygal22","50","2022-09-30 01:42:19"
"10","82lsju","Stanford","Oregon State","27","28","24",NULL,"17",NULL,"3","2022-10-05 10:37:07"
"14","Beeg_Dawg","Stanford","Oregon State","27","28","17",NULL,"37",NULL,"40","2022-10-04 17:44:42"
"29","JeffInCorvallis","Stanford","Oregon State","27","28","23",NULL,"31",NULL,"57","2022-10-06 16:19:30"
"31","Leftcoast","Stanford","Oregon State","27","28","27","Treebeard from LOTR (Took down Orthanc)","24","Mr Beaver from Narnia (Sweet but no warrior))","20","2022-10-05 03:32:03"
"33","Mick","Stanford","Oregon State","27","28","21","Trees","31","Trees natural enemies","55","2022-10-04 14:20:31"
"44","VFRing98","Stanford","Oregon State","27","28","16",NULL,"42",NULL,"38","2022-10-06 13:12:37"
"46","akiddoc","Stanford","Oregon State","27","28","28",NULL,"31",NULL,"60","2022-10-05 02:48:39"
"58","george","Stanford","Oregon State","27","28","24",NULL,"21",NULL,"5","2022-10-06 01:01:45"
"61","Renaissance Man","Stanford","Oregon State","27","28","24",NULL,"38",NULL,"49","2022-10-04 17:25:22"
"66","pefloresjr","Stanford","Oregon State","27","28","34",NULL,"27",NULL,"8","2022-10-08 18:44:08"
"99","Treebound","Stanford","Oregon State","27","28","33","Shawshank","29","Dam it","9","2022-10-06 12:51:03"
"125","vataha","Stanford","Oregon State","27","28","27",NULL,"38",NULL,"57","2022-10-07 01:04:04"
"133","pokey","Stanford","Oregon State","27","28","28",NULL,"18",NULL,"4","2022-10-04 19:05:31"
"146","triangle2","Stanford","Oregon State","27","28","17",NULL,"33",NULL,"44","2022-10-08 22:07:16"
"150","Publius","Stanford","Oregon State","27","28","30",NULL,"27",NULL,"12","2022-10-05 09:23:22"
"196","Langdude","Stanford","Oregon State","27","28","27",NULL,"38",NULL,"57","2022-10-06 21:11:38"
"211","martyup","Stanford","Oregon State","27","28","50","Deadwood","40","Tang","1","2022-10-04 16:46:24"
"243","Papa John","Stanford","Oregon State","27","28","31","Typhoid fever","27","Dysentery","11","2022-10-05 12:36:56"
"254","tcufrog","Stanford","Oregon State","27","28","28",NULL,"35",NULL,"56","2022-10-04 14:55:46"
"265","bl82","Stanford","Oregon State","27","28","24",NULL,"31",NULL,"59","2022-10-04 20:17:31"
"267","cardcrimson","Stanford","Oregon State","27","28","31","Flora","37","Fauna","49","2022-10-05 19:11:42"
"277","thunder_chik","Stanford","Oregon State","27","28","28","Trees","27","Tree-eating Rodents","18","2022-10-07 19:02:02"
"284","Durty Nelly","Stanford","Oregon State","27","28","24",NULL,"40",NULL,"44","2022-10-04 20:13:29"
"288","murky","Stanford","Oregon State","27","28","45",NULL,"24",NULL,"2","2022-10-04 13:54:04"
"302","JJJ","Stanford","Oregon State","27","28","28",NULL,"21",NULL,"8","2022-10-08 21:42:06"
"382","Phogge","Stanford","Oregon State","27","28","17","Gary Van Galder","45","Ernal Durden","37","2022-10-04 19:59:25"
"426","Section QQ","Stanford","Oregon State","27","28","13",NULL,"31",NULL,"41","2022-10-08 16:10:31"
"453","Snorlax94","Stanford","Oregon State","27","28","24","Not a Complete Team At Home","23","Not a Complete Team Visiting","8","2022-10-06 06:50:06"
"473","CardinalSagehen","Stanford","Oregon State","27","28","27",NULL,"24",NULL,"20","2022-10-06 00:20:03"
"515","qwerty49","Stanford","Oregon State","27","28","24",NULL,"28",NULL,"64","2022-10-04 18:11:52"
"558","PAsportsfan","Stanford","Oregon State","27","28","20",NULL,"31",NULL,"51","2022-10-08 03:24:45"
"626","JohnVernon","Stanford","Oregon State","27","28","24",NULL,"38",NULL,"49","2022-10-04 14:28:32"
"706","PVTree","Stanford","Oregon State","27","28","31","Los Arboles","28","River Rodents","20","2022-10-08 18:48:18"
"725","chrisk","Stanford","Oregon State","27","28","31","Beav Beaters","28","Tree Eaters","20","2022-10-05 01:53:56"
"819","ADPinWDC","Stanford","Oregon State","27","28","23","Chewed Trees","34","Overgrown Rodents","51","2022-10-06 08:01:55"
"842","Austroturf","Stanford","Oregon State","27","28","24",NULL,"31",NULL,"59","2022-10-05 04:53:40"
"942","gailtate","Stanford","Oregon State","27","28","24",NULL,"38",NULL,"49","2022-10-06 18:56:38"
"1002","MVDan","Stanford","Oregon State","27","28","27",NULL,"21",NULL,"13","2022-10-05 11:24:40"
"1036","Brickcity","Stanford","Oregon State","27","28","14",NULL,"34",NULL,"40","2022-10-06 20:26:31"
"1209","MV72018","Stanford","Oregon State","27","28","27","Really Goodies and Really Baddies","38","Stream Cloggers","57","2022-10-07 02:05:48"
"1244","thedish","Stanford","Oregon State","27","28","17",NULL,"31",NULL,"49","2022-10-04 16:44:58"
"1351","TonyLima","Stanford","Oregon State","27","28","21","ToppledTrees","38","Muskrats","42","2022-10-05 21:16:10"
"1379","skip75","Stanford","Oregon State","27","28","27","Jim Plunkett","24","Terry Baker","20","2022-10-04 18:08:07"
"10","82lsju","Notre Dame","Stanford","14","16","23",NULL,"24",NULL,"69","2022-10-11 20:15:56"
"29","JeffInCorvallis","Notre Dame","Stanford","14","16","31",NULL,"21",NULL,"25","2022-10-14 19:14:32"
"31","Leftcoast","Notre Dame","Stanford","14","16","34","Menehune","20","Saplings","22","2022-10-15 14:02:42"
"33","Mick","Notre Dame","Stanford","14","16","48",NULL,"21",NULL,"4","2022-10-11 23:04:25"
"51","dabigv13","Notre Dame","Stanford","14","16","30",NULL,"27",NULL,"14","2022-10-11 23:16:26"
"58","george","Notre Dame","Stanford","14","16","49",NULL,"21",NULL,"2","2022-10-12 02:10:00"
"61","Renaissance Man","Notre Dame","Stanford","14","16","23",NULL,"24",NULL,"69","2022-10-13 17:37:59"
"66","pefloresjr","Notre Dame","Stanford","14","16","31",NULL,"34",NULL,"61","2022-10-13 11:47:00"
"85","JohnR34231","Notre Dame","Stanford","14","16","38","Domers","27","Cards","5","2022-10-13 10:26:24"
"101","Hurlburt88","Notre Dame","Stanford","14","16","27",NULL,"28",NULL,"65","2022-10-12 12:28:11"
"118","pcgoode","Notre Dame","Stanford","14","16","42",NULL,"17",NULL,"12","2022-10-14 10:28:06"
"125","vataha","Notre Dame","Stanford","14","16","38","Rudy","24","Rooty","7","2022-10-14 17:28:22"
"133","pokey","Notre Dame","Stanford","14","16","42",NULL,"27",NULL,"4","2022-10-13 21:50:13"
"150","Publius","Notre Dame","Stanford","14","16","24",NULL,"27",NULL,"67","2022-10-12 13:44:43"
"196","Langdude","Notre Dame","Stanford","14","16","35",NULL,"24",NULL,"12","2022-10-14 17:11:21"
"211","martyup","Notre Dame","Stanford","14","16","49","Verde","50","Deadwood","57","2022-10-12 20:54:32"
"243","Papa John","Notre Dame","Stanford","14","16","27","Basilica of the Sacred Heart","28","MemChu","65","2022-10-11 13:19:35"
"265","bl82","Notre Dame","Stanford","14","16","42",NULL,"21",NULL,"6","2022-10-12 03:17:31"
"267","cardcrimson","Notre Dame","Stanford","14","16","31","Holtz","24","Walsh","20","2022-10-14 16:53:53"
"277","thunder_chik","Notre Dame","Stanford","14","16","29",NULL,"31",NULL,"62","2022-10-12 14:00:59"
"284","Durty Nelly","Notre Dame","Stanford","14","16","38",NULL,"17",NULL,"20","2022-10-12 10:49:03"
"288","murky","Notre Dame","Stanford","14","16","31",NULL,"35",NULL,"60","2022-10-13 23:28:20"
"302","JJJ","Notre Dame","Stanford","14","16","31",NULL,"35",NULL,"60","2022-10-15 14:29:25"
"328","CPSteeple","Notre Dame","Stanford","14","16","27",NULL,"23",NULL,"27","2022-10-14 09:17:34"
"382","Phogge","Notre Dame","Stanford","14","16","52","Jesus","0","Timm Williams","1","2022-10-11 13:11:38"
"426","Section QQ","Notre Dame","Stanford","14","16","35",NULL,"13",NULL,"22","2022-10-13 10:45:40"
"453","Snorlax94","Notre Dame","Stanford","14","16","36","Why must they fight?","37","An upset, I write","58","2022-10-15 03:01:07"
"473","CardinalSagehen","Notre Dame","Stanford","14","16","24","Nobody likes the Domers but Manti Te'o is a good guy","27","I am clearly not trying to win this prediction game","67","2022-10-12 23:53:48"
"515","qwerty49","Notre Dame","Stanford","14","16","38",NULL,"17",NULL,"20","2022-10-14 05:47:07"
"558","PAsportsfan","Notre Dame","Stanford","14","16","36",NULL,"17",NULL,"23","2022-10-15 01:37:43"
"626","JohnVernon","Notre Dame","Stanford","14","16","38",NULL,"13",NULL,"14","2022-10-11 13:22:25"
"706","PVTree","Notre Dame","Stanford","14","16","21","Gnomes","24","Árboles","70","2022-10-15 14:44:49"
"725","chrisk","Notre Dame","Stanford","14","16","31",NULL,"24",NULL,"20","2022-10-15 05:15:26"
"819","ADPinWDC","Notre Dame","Stanford","14","16","34","THEIR LADY","17","OUR TREE","26","2022-10-14 16:08:06"
"842","Austroturf","Notre Dame","Stanford","14","16","38",NULL,"17",NULL,"20","2022-10-14 04:20:48"
"1002","MVDan","Notre Dame","Stanford","14","16","27","Not Helpful","17","Need Help","28","2022-10-12 18:56:34"
"1036","Brickcity","Notre Dame","Stanford","14","16","41",NULL,"16",NULL,"18","2022-10-11 17:14:14"
"1209","MV72018","Notre Dame","Stanford","14","16","41","Theological Zealots","20","Secular Turtles","10","2022-10-15 14:32:17"
"1244","thedish","Notre Dame","Stanford","14","16","17",NULL,"38",NULL,"65","2022-10-15 14:36:43"
"1275","FarmTeam","Notre Dame","Stanford","14","16","41",NULL,"20",NULL,"10","2022-10-13 12:13:19"
"1351","TonyLima","Notre Dame","Stanford","14","16","35",NULL,"6","FallenTree","10","2022-10-13 21:44:03"
"1379","skip75","Notre Dame","Stanford","14","16","35","Four Horsemen","17","Vow Boys","25","2022-10-11 13:30:26"
"10","82lsju","Stanford","Arizona State","15","14","27",NULL,"24",NULL,"33","2022-10-18 18:35:35"
"29","JeffInCorvallis","Stanford","Arizona State","15","14","33",NULL,"27",NULL,"20","2022-10-21 15:49:43"
"31","Leftcoast","Stanford","Arizona State","15","14","27","Quickbeam’s Cousins","24","Solar Saurons","33","2022-10-22 15:48:19"
"33","Mick","Stanford","Arizona State","15","14","31",NULL,"21",NULL,"30","2022-10-19 00:37:45"
"44","VFRing98","Stanford","Arizona State","15","14","21",NULL,"35",NULL,"3","2022-10-20 14:56:14"
"58","george","Stanford","Arizona State","15","14","24",NULL,"28",NULL,"5","2022-10-20 13:59:33"
"61","Renaissance Man","Stanford","Arizona State","15","14","24",NULL,"21",NULL,"42","2022-10-20 12:27:36"
"66","pefloresjr","Stanford","Arizona State","15","14","34",NULL,"27",NULL,"19","2022-10-22 09:19:19"
"99","Treebound","Stanford","Arizona State","15","14","30","Red Menace","27","Solar Satans","23","2022-10-20 01:13:46"
"101","Hurlburt88","Stanford","Arizona State","15","14","24",NULL,"21",NULL,"42","2022-10-18 19:55:36"
"125","vataha","Stanford","Arizona State","15","14","27",NULL,"21",NULL,"38","2022-10-18 18:33:41"
"133","pokey","Stanford","Arizona State","15","14","27",NULL,"14",NULL,"48","2022-10-19 01:16:37"
"150","Publius","Stanford","Arizona State","15","14","28",NULL,"24",NULL,"30","2022-10-19 15:54:22"
"196","Langdude","Stanford","Arizona State","15","14","28",NULL,"24",NULL,"30","2022-10-22 11:13:12"
"211","martyup","Stanford","Arizona State","15","14","50","#c41e3a","40","Solar Demons","17","2022-10-21 14:09:26"
"243","Papa John","Stanford","Arizona State","15","14","31","Palm Drive","24","Palm Walk","25","2022-10-18 18:03:32"
"265","bl82","Stanford","Arizona State","15","14","21",NULL,"28",NULL,"6","2022-10-18 18:53:34"
"267","cardcrimson","Stanford","Arizona State","15","14","27",NULL,"31",NULL,"2","2022-10-22 10:48:07"
"277","thunder_chik","Stanford","Arizona State","15","14","24",NULL,"20",NULL,"43","2022-10-19 10:01:45"
"284","Durty Nelly","Stanford","Arizona State","15","14","28",NULL,"20",NULL,"38","2022-10-18 19:42:47"
"288","murky","Stanford","Arizona State","15","14","31",NULL,"13",NULL,"40","2022-10-18 17:39:53"
"302","JJJ","Stanford","Arizona State","15","14","31",NULL,"21",NULL,"30","2022-10-19 03:32:14"
"328","CPSteeple","Stanford","Arizona State","15","14","30","2013 P12 North Champ","28","2013 P12 South Champ","22","2022-10-21 08:52:29"
"382","Phogge","Stanford","Arizona State","15","14","31","Roger Corman","17","Temple Grandin","38","2022-10-18 21:21:00"
"473","CardinalSagehen","Stanford","Arizona State","15","14","31",NULL,"24",NULL,"25","2022-10-19 16:00:54"
"515","qwerty49","Stanford","Arizona State","15","14","20",NULL,"27",NULL,"8","2022-10-21 18:56:46"
"526","newguy","Stanford","Arizona State","15","14","24",NULL,"23",NULL,"39","2022-10-19 00:21:06"
"558","PAsportsfan","Stanford","Arizona State","15","14","24",NULL,"17",NULL,"44","2022-10-21 22:49:58"
"626","JohnVernon","Stanford","Arizona State","15","14","24",NULL,"30",NULL,"4","2022-10-20 15:22:04"
"706","PVTree","Stanford","Arizona State","15","14","27","Los Arboles","21","Diablos Solares","38","2022-10-22 03:08:37"
"725","chrisk","Stanford","Arizona State","15","14","31","Details","28","Devils","21","2022-10-20 03:36:35"
"819","ADPinWDC","Stanford","Arizona State","15","14","23","AxeKeepers","24","Forkheads","8","2022-10-19 23:36:47"
"842","Austroturf","Stanford","Arizona State","15","14","28",NULL,"24",NULL,"30","2022-10-20 14:18:46"
"1002","MVDan","Stanford","Arizona State","15","14","27",NULL,"21",NULL,"38","2022-10-19 09:36:23"
"1209","MV72018","Stanford","Arizona State","15","14","27","Mesh Meisters","31","Election Deniers","2","2022-10-21 00:51:11"
"1379","skip75","Stanford","Arizona State","15","14","27",NULL,"24",NULL,"33","2022-10-22 12:28:55"
"1425","marchballer","Stanford","Arizona State","15","14","37",NULL,"34",NULL,"18","2022-10-22 00:00:59"
"10","82lsju","UCLA","Stanford","38","13","20","the ruins","24","eight field goals","2","2022-10-26 11:35:11"
"29","JeffInCorvallis","UCLA","Stanford","38","13","27",NULL,"12",NULL,"33","2022-10-28 15:15:54"
"31","Leftcoast","UCLA","Stanford","38","13","41",NULL,"20",NULL,"41","2022-10-29 13:20:39"
"33","Mick","UCLA","Stanford","38","13","41",NULL,"14",NULL,"46","2022-10-25 18:38:02"
"58","george","UCLA","Stanford","38","13","35",NULL,"9",NULL,"44","2022-10-26 16:07:58"
"61","Renaissance Man","UCLA","Stanford","38","13","23",NULL,"24",NULL,"12","2022-10-26 13:43:43"
"66","pefloresjr","UCLA","Stanford","38","13","27",NULL,"30",NULL,"9","2022-10-27 23:50:41"
"85","JohnR34231","UCLA","Stanford","38","13","38",NULL,"27",NULL,"35","2022-10-26 08:53:03"
"99","Treebound","UCLA","Stanford","38","13","20","Bruins","23","Ruins","9","2022-10-29 20:06:45"
"101","Hurlburt88","UCLA","Stanford","38","13","31",NULL,"17",NULL,"35","2022-10-25 21:55:09"
"125","vataha","UCLA","Stanford","38","13","38","Gary Beban Sequoia HS","24","Jim Plunkett James Lick HS","40","2022-10-25 20:56:22"
"133","pokey","UCLA","Stanford","38","13","33",NULL,"27",NULL,"27","2022-10-28 19:36:07"
"150","Publius","UCLA","Stanford","38","13","30","B1G","33","B1G Wannabe","9","2022-10-26 09:06:52"
"196","Langdude","UCLA","Stanford","38","13","35",NULL,"20",NULL,"41","2022-10-29 13:07:32"
"211","martyup","UCLA","Stanford","38","13","49","Chip's Chumps","50","David's Dudes","1","2022-10-28 20:40:33"
"243","Papa John","UCLA","Stanford","38","13","31","The Twig","34","The Tree","9","2022-10-25 17:24:26"
"254","tcufrog","UCLA","Stanford","38","13","48",NULL,"28",NULL,"25","2022-10-26 13:19:28"
"265","bl82","UCLA","Stanford","38","13","45",NULL,"20",NULL,"31","2022-10-25 17:02:10"
"267","cardcrimson","UCLA","Stanford","38","13","43",NULL,"24",NULL,"29","2022-10-28 16:53:21"
"277","thunder_chik","UCLA","Stanford","38","13","31",NULL,"33",NULL,"10","2022-10-27 19:41:53"
"284","Durty Nelly","UCLA","Stanford","38","13","38",NULL,"17",NULL,"52","2022-10-27 19:22:34"
"302","JJJ","UCLA","Stanford","38","13","35","Westwood","38","Woodside","9","2022-10-27 22:57:17"
"328","CPSteeple","UCLA","Stanford","38","13","38",NULL,"17",NULL,"52","2022-10-29 16:46:28"
"382","Phogge","UCLA","Stanford","38","13","35","Primo Villanueva","24","Bill Tarr","31","2022-10-25 19:48:53"
"426","Section QQ","UCLA","Stanford","38","13","45",NULL,"17",NULL,"35","2022-10-26 21:39:43"
"453","Snorlax94","UCLA","Stanford","38","13","35","Mobile QB, Downhill Runner","16","Can't Stop Mobile QBs, Can't Stop Downhill Runners","45","2022-10-26 17:26:23"
"473","CardinalSagehen","UCLA","Stanford","38","13","27",NULL,"28",NULL,"12","2022-10-26 02:14:40"
"515","qwerty49","UCLA","Stanford","38","13","34",NULL,"17",NULL,"42","2022-10-26 01:27:00"
"558","PAsportsfan","UCLA","Stanford","38","13","38",NULL,"17",NULL,"52","2022-10-28 23:54:24"
"604","La Jetee","UCLA","Stanford","38","13","41",NULL,"13",NULL,"53","2022-10-26 13:28:37"
"706","PVTree","UCLA","Stanford","38","13","24","Money-Grabbers","27","Árboles","9","2022-10-29 15:51:18"
"725","chrisk","UCLA","Stanford","38","13","28","UC Southern Branch","23","LSJU","26","2022-10-27 02:10:46"
"819","ADPinWDC","UCLA","Stanford","38","13","42","UCLA Touchdowners","16","PA Field Goal Experts","44","2022-10-29 07:21:30"
"842","Austroturf","UCLA","Stanford","38","13","35",NULL,"20",NULL,"41","2022-10-26 07:00:07"
"1002","MVDan","UCLA","Stanford","38","13","20","Jerry Robinson","23","Darrin Nelson","9","2022-10-26 15:03:50"
"1036","Brickcity","UCLA","Stanford","38","13","45",NULL,"16",NULL,"41","2022-10-25 19:02:45"
"1197","old spanish trail","UCLA","Stanford","38","13","38",NULL,"24",NULL,"40","2022-10-29 02:15:38"
"1209","MV72018","UCLA","Stanford","38","13","45","ChipsMob","24","GrooveFindingExecuters","28","2022-10-26 14:28:27"
"1379","skip75","UCLA","Stanford","38","13","38","Jimmy Conners","14","John McEnroe","54","2022-10-25 20:02:10"
"10","82lsju","Stanford","Washington State","14","52","18",NULL,"17",NULL,"22","2022-11-03 10:30:31"
"29","JeffInCorvallis","Stanford","Washington State","14","52","19",NULL,"17",NULL,"18","2022-11-03 20:30:58"
"31","Leftcoast","Stanford","Washington State","14","52","13",NULL,"28",NULL,"58","2022-11-05 15:06:51"
"33","Mick","Stanford","Washington State","14","52","21","Jack Elway coached football here","27","Jack Elway graduated here","49","2022-11-03 09:12:05"
"44","VFRing98","Stanford","Washington State","14","52","16",NULL,"23",NULL,"52","2022-11-03 11:42:08"
"46","akiddoc","Stanford","Washington State","14","52","13",NULL,"41",NULL,"62","2022-11-05 03:26:30"
"58","george","Stanford","Washington State","14","52","12",NULL,"28",NULL,"57","2022-11-03 17:59:30"
"61","Renaissance Man","Stanford","Washington State","14","52","15",NULL,"14",NULL,"22","2022-11-04 15:46:59"
"66","pefloresjr","Stanford","Washington State","14","52","27",NULL,"24",NULL,"10","2022-11-04 02:17:00"
"85","JohnR34231","Stanford","Washington State","14","52","19",NULL,"17",NULL,"18","2022-11-03 09:13:01"
"101","Hurlburt88","Stanford","Washington State","14","52","17",NULL,"16",NULL,"22","2022-11-04 04:59:45"
"125","vataha","Stanford","Washington State","14","52","24","Don Kardong","21","Gerry Lindgren","10","2022-11-03 17:24:26"
"133","pokey","Stanford","Washington State","14","52","16",NULL,"14",NULL,"18","2022-11-04 12:51:17"
"150","Publius","Stanford","Washington State","14","52","24",NULL,"20",NULL,"3","2022-11-03 09:56:36"
"196","Langdude","Stanford","Washington State","14","52","19",NULL,"22",NULL,"46","2022-11-04 20:41:08"
"211","martyup","Stanford","Washington State","14","52","50","Shawful","24","Palousy","1","2022-11-05 00:56:19"
"243","Papa John","Stanford","Washington State","14","52","26","Dave Flemming","24","Keith Jackson","18","2022-11-04 14:18:43"
"254","tcufrog","Stanford","Washington State","14","52","22",NULL,"24",NULL,"45","2022-11-03 11:49:13"
"265","bl82","Stanford","Washington State","14","52","17",NULL,"24",NULL,"52","2022-11-04 12:33:58"
"267","cardcrimson","Stanford","Washington State","14","52","24","Turtling","23","Coug'in","22","2022-11-04 11:34:59"
"277","thunder_chik","Stanford","Washington State","14","52","23",NULL,"21",NULL,"18","2022-11-03 10:23:15"
"284","Durty Nelly","Stanford","Washington State","14","52","27",NULL,"24",NULL,"10","2022-11-03 08:16:18"
"302","JJJ","Stanford","Washington State","14","52","38",NULL,"35",NULL,"10","2022-11-03 00:48:23"
"328","CPSteeple","Stanford","Washington State","14","52","31","WildCaff","29","Minshew’s Mustache","18","2022-11-05 11:47:58"
"382","Phogge","Stanford","Washington State","14","52","21","Ernie Cunliffe","38","Henry Rono","60","2022-11-03 11:24:42"
"426","Section QQ","Stanford","Washington State","14","52","24",NULL,"35",NULL,"56","2022-11-03 10:04:58"
"453","Snorlax94","Stanford","Washington State","14","52","16","Need One Actual Touchdown","14","Cougin’ It","18","2022-11-03 06:50:16"
"473","CardinalSagehen","Stanford","Washington State","14","52","20",NULL,"17",NULL,"10","2022-11-03 11:52:16"
"515","qwerty49","Stanford","Washington State","14","52","20",NULL,"24",NULL,"48","2022-11-04 19:30:03"
"558","PAsportsfan","Stanford","Washington State","14","52","16",NULL,"24",NULL,"55","2022-11-04 14:26:10"
"626","JohnVernon","Stanford","Washington State","14","52","23",NULL,"31",NULL,"55","2022-11-04 14:02:26"
"706","PVTree","Stanford","Washington State","14","52","27","Los Arboles","21","Otros Gatitos","2","2022-11-05 12:33:59"
"725","chrisk","Stanford","Washington State","14","52","24","Farm","21","Palouse","10","2022-11-04 02:58:36"
"819","ADPinWDC","Stanford","Washington State","14","52","16","Plant","23","Animal","52","2022-11-04 16:11:27"
"842","Austroturf","Stanford","Washington State","14","52","20",NULL,"24",NULL,"48","2022-11-03 16:48:20"
"1002","MVDan","Stanford","Washington State","14","52","20",NULL,"17",NULL,"10","2022-11-03 18:01:07"
"1036","Brickcity","Stanford","Washington State","14","52","16",NULL,"30",NULL,"59","2022-11-04 16:23:11"
"1209","MV72018","Stanford","Washington State","14","52","19","Boring Tunnel Machinists","27","Pullman Solitaries","55","2022-11-04 12:15:46"
"1244","thedish","Stanford","Washington State","14","52","17",NULL,"38",NULL,"61","2022-11-03 13:08:38"
"1379","skip75","Stanford","Washington State","14","52","16",NULL,"14",NULL,"18","2022-11-05 12:06:12"
"10","82lsju","Utah","Stanford","42","7","52","first time I have ever picked against us ;(","12","four field goals","23","2022-11-10 10:18:44"
"29","JeffInCorvallis","Utah","Stanford","42","7","52",NULL,"7",NULL,"37","2022-11-11 00:39:46"
"31","Leftcoast","Utah","Stanford","42","7","41",NULL,"15",NULL,"39","2022-11-12 03:21:15"
"33","Mick","Utah","Stanford","42","7","48","Kyle Petrucci's current school","14","Kyle Petrucci's former school","27","2022-11-10 19:33:37"
"44","VFRing98","Utah","Stanford","42","7","38",NULL,"12",NULL,"39","2022-11-11 18:00:06"
"46","akiddoc","Utah","Stanford","42","7","52",NULL,"6",NULL,"30","2022-11-11 07:41:48"
"58","george","Utah","Stanford","42","7","56",NULL,"10",NULL,"21","2022-11-11 15:50:05"
"61","Renaissance Man","Utah","Stanford","42","7","42",NULL,"3",NULL,"49","2022-11-10 13:34:46"
"66","pefloresjr","Utah","Stanford","42","7","21",NULL,"23",NULL,"7","2022-11-10 21:42:46"
"90","CompSci87","Utah","Stanford","42","7","100",NULL,"0",NULL,"17","2022-11-10 14:02:50"
"101","Hurlburt88","Utah","Stanford","42","7","40",NULL,"10",NULL,"44","2022-11-12 09:08:31"
"125","vataha","Utah","Stanford","42","7","42","""Get me two""","17","Empty Backfield","37","2022-11-10 19:08:32"
"133","pokey","Utah","Stanford","42","7","41",NULL,"16",NULL,"31","2022-11-10 14:16:34"
"196","Langdude","Utah","Stanford","42","7","38",NULL,"16",NULL,"27","2022-11-12 15:07:29"
"211","martyup","Utah","Stanford","42","7","49","Hatchets","50","Wood Chips","2","2022-11-10 15:25:43"
"243","Papa John","Utah","Stanford","42","7","24","Current Native Americans","27","Former Native Americans","5","2022-11-10 13:03:05"
"254","tcufrog","Utah","Stanford","42","7","45",NULL,"13",NULL,"39","2022-11-10 10:40:09"
"265","bl82","Utah","Stanford","42","7","56",NULL,"7",NULL,"28","2022-11-10 11:00:34"
"267","cardcrimson","Utah","Stanford","42","7","45",NULL,"16",NULL,"29","2022-11-10 12:05:24"
"277","thunder_chik","Utah","Stanford","42","7","23",NULL,"24",NULL,"8","2022-11-11 10:32:49"
"284","Durty Nelly","Utah","Stanford","42","7","44",NULL,"13",NULL,"40","2022-11-10 11:52:11"
"302","JJJ","Utah","Stanford","42","7","28",NULL,"31",NULL,"5","2022-11-11 17:56:29"
"382","Phogge","Utah","Stanford","42","7","42","Billy The Hill McGill","3","John Revelli","49","2022-11-10 04:34:58"
"426","Section QQ","Utah","Stanford","42","7","52",NULL,"7",NULL,"37","2022-11-10 08:32:02"
"453","Snorlax94","Utah","Stanford","42","7","17","Utah Utes","19","Cardinal Brutes","7","2022-11-10 16:00:46"
"473","CardinalSagehen","Utah","Stanford","42","7","24",NULL,"27",NULL,"5","2022-11-11 11:32:30"
"515","qwerty49","Utah","Stanford","42","7","41",NULL,"13",NULL,"41","2022-11-11 19:08:38"
"558","PAsportsfan","Utah","Stanford","42","7","40",NULL,"10",NULL,"44","2022-11-11 23:33:00"
"604","La Jetee","Utah","Stanford","42","7","52",NULL,"9",NULL,"29","2022-11-10 08:36:59"
"626","JohnVernon","Utah","Stanford","42","7","52",NULL,"13",NULL,"22","2022-11-10 17:22:52"
"706","PVTree","Utah","Stanford","42","7","49","Osmonds","50","El Arbol","2","2022-11-12 19:42:32"
"725","chrisk","Utah","Stanford","42","7","42",NULL,"21",NULL,"28","2022-11-10 22:58:42"
"819","ADPinWDC","Utah","Stanford","42","7","45","UTES","13","Former INDIANS","39","2022-11-12 09:40:48"
"842","Austroturf","Utah","Stanford","42","7","45",NULL,"13",NULL,"39","2022-11-10 17:00:48"
"1002","MVDan","Utah","Stanford","42","7","52",NULL,"20",NULL,"19","2022-11-10 17:20:21"
"1036","Brickcity","Utah","Stanford","42","7","63",NULL,"3",NULL,"18","2022-11-10 11:43:09"
"1209","MV72018","Utah","Stanford","42","7","42","Cute Utes","10","Non-executers","50","2022-11-10 16:36:12"
"1244","thedish","Utah","Stanford","42","7","52",NULL,"17",NULL,"20","2022-11-12 10:43:59"
"1379","skip75","Utah","Stanford","42","7","49","Lee Grosscup","7","Dick Norman","45","2022-11-12 20:22:27"
"10","82lsju","California","Stanford","27","20","10",NULL,"12",NULL,"6","2022-11-16 15:04:11"
"29","JeffInCorvallis","California","Stanford","27","20","24",NULL,"19",NULL,"59","2022-11-18 00:48:28"
"33","Mick","California","Stanford","27","20","17","Geographically further West","14","Geographically further East","48","2022-11-17 08:39:49"
"51","dabigv13","California","Stanford","27","20","24",NULL,"30",NULL,"15","2022-11-19 16:22:14"
"58","george","California","Stanford","27","20","21",NULL,"14",NULL,"52","2022-11-16 17:00:59"
"66","pefloresjr","California","Stanford","27","20","20",NULL,"23",NULL,"17","2022-11-18 01:27:21"
"83","BrevinsBest","California","Stanford","27","20","3",NULL,"0",NULL,"43","2022-11-16 12:45:08"
"90","CompSci87","California","Stanford","27","20","2",NULL,"4",NULL,"2","2022-11-16 14:07:24"
"101","Hurlburt88","California","Stanford","27","20","13","weaker","17","weak","11","2022-11-16 12:56:05"
"125","vataha","California","Stanford","27","20","9","Brennen Scarlett","13","Brennen Scarlett","6","2022-11-17 01:04:09"
"133","pokey","California","Stanford","27","20","12",NULL,"24",NULL,"10","2022-11-17 19:31:28"
"146","triangle2","California","Stanford","27","20","18",NULL,"11",NULL,"45","2022-11-19 15:43:58"
"196","Langdude","California","Stanford","27","20","24",NULL,"17",NULL,"58","2022-11-19 00:24:29"
"211","martyup","California","Stanford","27","20","5","3-7 Blue","6","3-7 Red","3","2022-11-16 22:55:15"
"243","Papa John","California","Stanford","27","20","19","Cal's score in 1982","20","Stanford's score in 1982","24","2022-11-17 00:31:20"
"254","tcufrog","California","Stanford","27","20","21",NULL,"13",NULL,"51","2022-11-16 18:16:59"
"265","bl82","California","Stanford","27","20","24",NULL,"17",NULL,"58","2022-11-17 14:48:03"
"267","cardcrimson","California","Stanford","27","20","20",NULL,"13",NULL,"50","2022-11-18 19:12:34"
"277","thunder_chik","California","Stanford","27","20","21",NULL,"23",NULL,"18","2022-11-17 18:27:34"
"284","Durty Nelly","California","Stanford","27","20","17",NULL,"30",NULL,"9","2022-11-16 18:53:55"
"302","JJJ","California","Stanford","27","20","19","Same “correct” score as 40yrs ago","20","Same score as 40yrs ago","24","2022-11-16 19:23:38"
"382","Phogge","California","Stanford","27","20","16","Dale Rubin","17","Dale Rubin","14","2022-11-17 01:55:04"
"426","Section QQ","California","Stanford","27","20","21",NULL,"6",NULL,"44","2022-11-16 22:40:01"
"453","Snorlax94","California","Stanford","27","20","24","Weenies","25","The Cardinal","19","2022-11-19 06:37:34"
"473","CardinalSagehen","California","Stanford","27","20","20",NULL,"23",NULL,"17","2022-11-17 02:02:47"
"515","qwerty49","California","Stanford","27","20","10",NULL,"13",NULL,"7","2022-11-16 14:08:26"
"558","PAsportsfan","California","Stanford","27","20","20",NULL,"16",NULL,"53","2022-11-19 03:39:07"
"604","La Jetee","California","Stanford","27","20","7",NULL,"10",NULL,"4","2022-11-18 08:46:58"
"706","PVTree","California","Stanford","27","20","20","Weenies","27","Árboles","14","2022-11-19 09:55:13"
"725","chrisk","California","Stanford","27","20","14",NULL,"17",NULL,"12","2022-11-17 18:49:54"
"819","ADPinWDC","California","Stanford","27","20","27","Dingy BEARS","13","Sad TREES","59","2022-11-19 15:17:33"
"826","CowboyIndian","California","Stanford","27","20","2",NULL,"3",NULL,"1","2022-11-16 14:17:37"
"842","Austroturf","California","Stanford","27","20","17",NULL,"13",NULL,"47","2022-11-17 15:22:34"
"1002","MVDan","California","Stanford","27","20","10",NULL,"16",NULL,"8","2022-11-16 15:24:48"
"1036","Brickcity","California","Stanford","27","20","26",NULL,"13",NULL,"55","2022-11-16 19:01:36"
"1209","MV72018","California","Stanford","27","20","17","Bumbling Orsi","16","Rotting Trees","50","2022-11-16 15:45:54"
"1379","skip75","California","Stanford","27","20","17","Mario Savio","13","David Harris","47","2022-11-16 16:16:19"
"1425","marchballer","California","Stanford","27","20","27",NULL,"9",NULL,"57","2022-11-16 14:54:02"
"10","82lsju","Stanford","BYU","26","35","15","Karty 5 for 5","28","the other team","30","2022-11-23 18:09:45"
"29","JeffInCorvallis","Stanford","BYU","26","35","20",NULL,"27",NULL,"39","2022-11-25 01:18:10"
"31","Leftcoast","Stanford","BYU","26","35","24","NorCal Cardinal(s)","20","Utah Saints","6","2022-11-26 22:25:58"
"33","Mick","Stanford","BYU","26","35","17",NULL,"30",NULL,"39","2022-11-24 12:10:46"
"46","akiddoc","Stanford","BYU","26","35","31",NULL,"23",NULL,"6","2022-11-25 03:28:43"
"58","george","Stanford","BYU","26","35","12",NULL,"28",NULL,"28","2022-11-25 21:24:29"
"66","pefloresjr","Stanford","BYU","26","35","27",NULL,"24",NULL,"10","2022-11-26 02:42:01"
"101","Hurlburt88","Stanford","BYU","26","35","24","Offensive Explosion!","23","Mistake-prone","9","2022-11-24 12:28:32"
"125","vataha","Stanford","BYU","26","35","16","Restless","24","Young","28","2022-11-26 19:47:58"
"133","pokey","Stanford","BYU","26","35","23",NULL,"22",NULL,"7","2022-11-24 14:09:29"
"196","Langdude","Stanford","BYU","26","35","23",NULL,"31",NULL,"44","2022-11-25 17:31:42"
"211","martyup","Stanford","BYU","26","35","50","Shawful Shame","30","Young's","2","2022-11-24 11:09:18"
"254","tcufrog","Stanford","BYU","26","35","16",NULL,"31",NULL,"39","2022-11-25 09:21:41"
"265","bl82","Stanford","BYU","26","35","14",NULL,"38",NULL,"35","2022-11-23 16:13:58"
"267","cardcrimson","Stanford","BYU","26","35","16",NULL,"31",NULL,"39","2022-11-23 08:55:30"
"277","thunder_chik","Stanford","BYU","26","35","24","Dentro-centrics","23","Cosmo-politans","9","2022-11-23 18:07:11"
"284","Durty Nelly","Stanford","BYU","26","35","21",NULL,"40",NULL,"41","2022-11-23 06:17:23"
"288","murky","Stanford","BYU","26","35","31",NULL,"10",NULL,"1","2022-11-25 08:03:40"
"302","JJJ","Stanford","BYU","26","35","31",NULL,"21",NULL,"4","2022-11-24 16:45:42"
"328","CPSteeple","Stanford","BYU","26","35","17",NULL,"28",NULL,"34","2022-11-25 15:02:05"
"382","Phogge","Stanford","BYU","26","35","3","Brigham Anderson","21","Brigham Young","23","2022-11-23 07:08:04"
"426","Section QQ","Stanford","BYU","26","35","21",NULL,"27",NULL,"40","2022-11-22 23:49:56"
"453","Snorlax94","Stanford","BYU","26","35","13",NULL,"38",NULL,"34","2022-11-25 02:21:54"
"473","CardinalSagehen","Stanford","BYU","26","35","28",NULL,"27",NULL,"11","2022-11-23 18:16:00"
"515","qwerty49","Stanford","BYU","26","35","16",NULL,"24",NULL,"28","2022-11-23 15:10:25"
"558","PAsportsfan","Stanford","BYU","26","35","13",NULL,"30",NULL,"30","2022-11-26 17:12:54"
"706","PVTree","Stanford","BYU","26","35","21","Los Arboles","17","Osmonds II","3","2022-11-26 13:05:07"
"725","chrisk","Stanford","BYU","26","35","20",NULL,"24",NULL,"32","2022-11-24 14:57:12"
"819","ADPinWDC","Stanford","BYU","26","35","20","Bent Trees","34","BYUsers","44","2022-11-24 23:33:15"
"842","Austroturf","Stanford","BYU","26","35","16",NULL,"35",NULL,"45","2022-11-24 04:45:23"
"1002","MVDan","Stanford","BYU","26","35","16",NULL,"24",NULL,"28","2022-11-23 11:15:32"
"1099","Crafter Artisan","Stanford","BYU","26","35","23","Hates fun","33","Fun gets you kicked out of school","45","2022-11-24 17:27:53"
"1209","MV72018","Stanford","BYU","26","35","17","Boring Predictables","27","Missionary Positioners","32","2022-11-22 23:30:52"
"1379","skip75","Stanford","BYU","26","35","23","Robber Barons","34","Polygamists","46","2022-11-26 20:49:51"
"1387","footandballtorture","Stanford","BYU","26","35","22","puss","56","boots","24","2022-11-26 08:27:39"
